{"entities":{"pages":{"welcome":{"id":"welcome","title":"Bem-vindo ao Learn Docker! 🐳","url":"welcome.html","level":0,"tabIndex":0},"fun2ea_3":{"id":"fun2ea_3","title":"FUNDAMENTALS: Docker Essentials","level":0,"pages":["fun2ea_9","fun2ea_10","fun2ea_11"],"tabIndex":1},"fun2ea_9":{"id":"fun2ea_9","title":"Getting Started","level":1,"parentId":"fun2ea_3","pages":["why-docker","container-vs-vm","docker-history"],"tabIndex":0},"why-docker":{"id":"why-docker","title":"Por que Docker","url":"why-docker.html","level":2,"parentId":"fun2ea_9","tabIndex":0},"container-vs-vm":{"id":"container-vs-vm","title":"Containers vs Máquinas Virtuais","url":"container-vs-vm.html","level":2,"parentId":"fun2ea_9","tabIndex":1},"docker-history":{"id":"docker-history","title":"História do Docker","url":"docker-history.html","level":2,"parentId":"fun2ea_9","tabIndex":2},"fun2ea_10":{"id":"fun2ea_10","title":"Installation","level":1,"parentId":"fun2ea_3","pages":["installation-guide","docker-desktop-cli","common-issues"],"tabIndex":1},"installation-guide":{"id":"installation-guide","title":"Instalação do Docker 🛠️","url":"installation-guide.html","level":2,"parentId":"fun2ea_10","tabIndex":0},"docker-desktop-cli":{"id":"docker-desktop-cli","title":"Docker Desktop vs CLI: Escolha sua Arma 🔫","url":"docker-desktop-cli.html","level":2,"parentId":"fun2ea_10","tabIndex":1},"common-issues":{"id":"common-issues","title":"Problemas Comuns: Debugando na Matrix 🐛","url":"common-issues.html","level":2,"parentId":"fun2ea_10","tabIndex":2},"fun2ea_11":{"id":"fun2ea_11","title":"Basic Commands","level":1,"parentId":"fun2ea_3","pages":["docker-commands","cli-basics"],"tabIndex":2},"docker-commands":{"id":"docker-commands","title":"Docker Commands: O Arsenal Completo 🚀","url":"docker-commands.html","level":2,"parentId":"fun2ea_11","tabIndex":0},"cli-basics":{"id":"cli-basics","title":"CLI Basics: Dominando o Terminal Docker 🎮","url":"cli-basics.html","level":2,"parentId":"fun2ea_11","tabIndex":1},"fun2ea_4":{"id":"fun2ea_4","title":"CORE: Docker Building Blocks","level":0,"pages":["fun2ea_20","fun2ea_21","fun2ea_22"],"tabIndex":2},"fun2ea_20":{"id":"fun2ea_20","title":"Container Basics","level":1,"parentId":"fun2ea_4","pages":["containers-101","container-lifecycle","container-internals"],"tabIndex":0},"containers-101":{"id":"containers-101","title":"Containers 101","url":"containers-101.html","level":2,"parentId":"fun2ea_20","tabIndex":0},"container-lifecycle":{"id":"container-lifecycle","title":"Ciclo de Vida dos Containers: Do Nascimento à Transcendência 🔄","url":"container-lifecycle.html","level":2,"parentId":"fun2ea_20","tabIndex":1},"container-internals":{"id":"container-internals","title":"Container Internals: Como Funciona Por Dentro 🔬","url":"container-internals.html","level":2,"parentId":"fun2ea_20","tabIndex":2},"fun2ea_21":{"id":"fun2ea_21","title":"Images","level":1,"parentId":"fun2ea_4","pages":["docker-images","image-fundamentals","image-anatomy","image-management"],"tabIndex":1},"docker-images":{"id":"docker-images","title":"Docker Images: Blueprint do Seu Container 🎨","url":"docker-images.html","level":2,"parentId":"fun2ea_21","tabIndex":0},"image-fundamentals":{"id":"image-fundamentals","title":"Fundamentos de Imagens Docker 📦","url":"image-fundamentals.html","level":2,"parentId":"fun2ea_21","tabIndex":1},"image-anatomy":{"id":"image-anatomy","title":"Anatomia de uma Imagem Docker 🔬","url":"image-anatomy.html","level":2,"parentId":"fun2ea_21","tabIndex":2},"image-management":{"id":"image-management","title":"Gerenciamento de Imagens Docker 🎮","url":"image-management.html","level":2,"parentId":"fun2ea_21","tabIndex":3},"fun2ea_22":{"id":"fun2ea_22","title":"Architecture","level":1,"parentId":"fun2ea_4","pages":["docker-architecture","container-runtime"],"tabIndex":2},"docker-architecture":{"id":"docker-architecture","title":"Arquitetura Docker: O Blueprint da Matrix 🏗️","url":"docker-architecture.html","level":2,"parentId":"fun2ea_22","tabIndex":0},"container-runtime":{"id":"container-runtime","title":"Container Runtime: O Motor dos Containers 🚀","url":"container-runtime.html","level":2,"parentId":"fun2ea_22","tabIndex":1},"fun2ea_5":{"id":"fun2ea_5","title":"DEVELOPMENT: Building Applications","level":0,"pages":["fun2ea_32","fun2ea_33","fun2ea_34"],"tabIndex":3},"fun2ea_32":{"id":"fun2ea_32","title":"Dockerfile","level":1,"parentId":"fun2ea_5","pages":["dockerfile-intro","dockerfile-commands","dockerfile-examples","best-practices"],"tabIndex":0},"dockerfile-intro":{"id":"dockerfile-intro","title":"Dockerfile: A Arte de Construir Imagens 🎨","url":"dockerfile-intro.html","level":2,"parentId":"fun2ea_32","tabIndex":0},"dockerfile-commands":{"id":"dockerfile-commands","title":"Dockerfile Commands: Guia Definitivo 🛠️","url":"dockerfile-commands.html","level":2,"parentId":"fun2ea_32","tabIndex":1},"dockerfile-examples":{"id":"dockerfile-examples","title":"Dockerfile Examples: Exemplos do Mundo Real 🌍","url":"dockerfile-examples.html","level":2,"parentId":"fun2ea_32","tabIndex":2},"best-practices":{"id":"best-practices","title":"Melhores Práticas Docker: O Caminho do Mestre 🎯","url":"best-practices.html","level":2,"parentId":"fun2ea_32","tabIndex":3},"fun2ea_33":{"id":"fun2ea_33","title":"Docker Compose","level":1,"parentId":"fun2ea_5","pages":["docker-compose-intro","docker-compose-file","docker-compose-commands"],"tabIndex":1},"docker-compose-intro":{"id":"docker-compose-intro","title":"Docker Compose: Orquestrando Containers 🎼","url":"docker-compose-intro.html","level":2,"parentId":"fun2ea_33","tabIndex":0},"docker-compose-file":{"id":"docker-compose-file","title":"Docker Compose File: Anatomia Completa 📑","url":"docker-compose-file.html","level":2,"parentId":"fun2ea_33","tabIndex":1},"docker-compose-commands":{"id":"docker-compose-commands","title":"Docker Compose Commands: Orquestrando com Maestria 🎼","url":"docker-compose-commands.html","level":2,"parentId":"fun2ea_33","tabIndex":2},"fun2ea_34":{"id":"fun2ea_34","title":"Container Operations","level":1,"parentId":"fun2ea_5","pages":["container-operations","container-logging","container-troubleshooting"],"tabIndex":2},"container-operations":{"id":"container-operations","title":"Operações com Containers: O Manual do Operador 🎮","url":"container-operations.html","level":2,"parentId":"fun2ea_34","tabIndex":0},"container-logging":{"id":"container-logging","title":"Container Logging: Dominando os Logs 📝","url":"container-logging.html","level":2,"parentId":"fun2ea_34","tabIndex":1},"container-troubleshooting":{"id":"container-troubleshooting","title":"Container Troubleshooting: A Arte do Debug 🔍","url":"container-troubleshooting.html","level":2,"parentId":"fun2ea_34","tabIndex":2},"fun2ea_6":{"id":"fun2ea_6","title":"INFRASTRUCTURE: System Design","level":0,"pages":["fun2ea_45","fun2ea_46","fun2ea_47"],"tabIndex":4},"fun2ea_45":{"id":"fun2ea_45","title":"Networking","level":1,"parentId":"fun2ea_6","pages":["container-networking","docker-networking"],"tabIndex":0},"container-networking":{"id":"container-networking","title":"Container Networking","url":"container-networking.html","level":2,"parentId":"fun2ea_45","tabIndex":0},"docker-networking":{"id":"docker-networking","title":"Docker Networking: O Guia Definitivo 🌐","url":"docker-networking.html","level":2,"parentId":"fun2ea_45","tabIndex":1},"fun2ea_46":{"id":"fun2ea_46","title":"Storage","level":1,"parentId":"fun2ea_6","pages":["container-storage","docker-volumes","docker-bind-mounts"],"tabIndex":1},"container-storage":{"id":"container-storage","title":"Container Storage: Crônicas dos Dados Perdidos 💾","url":"container-storage.html","level":2,"parentId":"fun2ea_46","tabIndex":0},"docker-volumes":{"id":"docker-volumes","title":"Docker Volumes: Persistência e Performance 💾","url":"docker-volumes.html","level":2,"parentId":"fun2ea_46","tabIndex":1},"docker-bind-mounts":{"id":"docker-bind-mounts","title":"Docker Bind Mounts: Host Integration 🔗","url":"docker-bind-mounts.html","level":2,"parentId":"fun2ea_46","tabIndex":2},"fun2ea_47":{"id":"fun2ea_47","title":"Security","level":1,"parentId":"fun2ea_6","pages":["container-security","docker-security","docker-registry"],"tabIndex":2},"container-security":{"id":"container-security","title":"Segurança de Containers 🛡️","url":"container-security.html","level":2,"parentId":"fun2ea_47","tabIndex":0},"docker-security":{"id":"docker-security","title":"Docker Security: Proteção em Camadas 🔒","url":"docker-security.html","level":2,"parentId":"fun2ea_47","tabIndex":1},"docker-registry":{"id":"docker-registry","title":"Docker Registry: Seu Repositório Privado 📦","url":"docker-registry.html","level":2,"parentId":"fun2ea_47","tabIndex":2},"fun2ea_7":{"id":"fun2ea_7","title":"ADVANCED: Production Ready","level":0,"pages":["fun2ea_56","fun2ea_57","fun2ea_58"],"tabIndex":5},"fun2ea_56":{"id":"fun2ea_56","title":"Performance","level":1,"parentId":"fun2ea_7","pages":["docker-performance","docker-optimization","docker-caching","docker-multi-stage-builds"],"tabIndex":0},"docker-performance":{"id":"docker-performance","title":"Docker Performance Optimization 🚀","url":"docker-performance.html","level":2,"parentId":"fun2ea_56","tabIndex":0},"docker-optimization":{"id":"docker-optimization","title":"Docker Optimization Guide 🚀","url":"docker-optimization.html","level":2,"parentId":"fun2ea_56","tabIndex":1},"docker-caching":{"id":"docker-caching","title":"Docker Caching Guide 🚀","url":"docker-caching.html","level":2,"parentId":"fun2ea_56","tabIndex":2},"docker-multi-stage-builds":{"id":"docker-multi-stage-builds","title":"Docker Multi-stage Builds 🏗️","url":"docker-multi-stage-builds.html","level":2,"parentId":"fun2ea_56","tabIndex":3},"fun2ea_57":{"id":"fun2ea_57","title":"Monitoring","level":1,"parentId":"fun2ea_7","pages":["container-monitoring","container-resources"],"tabIndex":1},"container-monitoring":{"id":"container-monitoring","title":"Container Monitoring: Os Olhos do Sistema 👁️","url":"container-monitoring.html","level":2,"parentId":"fun2ea_57","tabIndex":0},"container-resources":{"id":"container-resources","title":"Container Resources Management 📊","url":"container-resources.html","level":2,"parentId":"fun2ea_57","tabIndex":1},"fun2ea_58":{"id":"fun2ea_58","title":"Orchestration","level":1,"parentId":"fun2ea_7","pages":["container-orchestration","container-best-practices"],"tabIndex":2},"container-orchestration":{"id":"container-orchestration","title":"Orquestração de Containers: A Sinfonia do Caos Digital","url":"container-orchestration.html","level":2,"parentId":"fun2ea_58","tabIndex":0},"container-best-practices":{"id":"container-best-practices","title":"Container Best Practices 🏆","url":"container-best-practices.html","level":2,"parentId":"fun2ea_58","tabIndex":1},"fun2ea_8":{"id":"fun2ea_8","title":"PRACTICE: Real World","level":0,"pages":["fun2ea_67","fun2ea_68","fun2ea_69","hands-on-lab","troubleshooting-guide"],"tabIndex":6},"fun2ea_67":{"id":"fun2ea_67","title":"Lab 1: Basics","level":1,"parentId":"fun2ea_8","pages":["lab-1-intro","lab-1-setup","lab-1-exercise"],"tabIndex":0},"lab-1-intro":{"id":"lab-1-intro","title":"Lab 1: Primeiros Passos com Docker 🚀","url":"lab-1-intro.html","level":2,"parentId":"fun2ea_67","tabIndex":0},"lab-1-setup":{"id":"lab-1-setup","title":"Lab 1: Configuração do Ambiente 🛠️","url":"lab-1-setup.html","level":2,"parentId":"fun2ea_67","tabIndex":1},"lab-1-exercise":{"id":"lab-1-exercise","title":"Lab 1: Exercícios Práticos 🏋️‍♀️","url":"lab-1-exercise.html","level":2,"parentId":"fun2ea_67","tabIndex":2},"fun2ea_68":{"id":"fun2ea_68","title":"Lab 2: Development","level":1,"parentId":"fun2ea_8","pages":["lab-2-intro","lab-2-setup","lab-2-exercise"],"tabIndex":1},"lab-2-intro":{"id":"lab-2-intro","title":"Lab 2: Desenvolvimento com Docker 🚀","url":"lab-2-intro.html","level":2,"parentId":"fun2ea_68","tabIndex":0},"lab-2-setup":{"id":"lab-2-setup","title":"Lab 2: Configuração do Ambiente de Desenvolvimento 🛠️","url":"lab-2-setup.html","level":2,"parentId":"fun2ea_68","tabIndex":1},"lab-2-exercise":{"id":"lab-2-exercise","title":"Lab 2: Exercícios Práticos 🏋️‍♀️","url":"lab-2-exercise.html","level":2,"parentId":"fun2ea_68","tabIndex":2},"fun2ea_69":{"id":"fun2ea_69","title":"Lab 3: Production","level":1,"parentId":"fun2ea_8","pages":["lab-3-intro","lab-3-setup","lab-3-exercise"],"tabIndex":2},"lab-3-intro":{"id":"lab-3-intro","level":2,"parentId":"fun2ea_69","tabIndex":0},"lab-3-setup":{"id":"lab-3-setup","level":2,"parentId":"fun2ea_69","tabIndex":1},"lab-3-exercise":{"id":"lab-3-exercise","level":2,"parentId":"fun2ea_69","tabIndex":2},"hands-on-lab":{"id":"hands-on-lab","title":"Laboratório Prático: Mão na Massa! 🧪","url":"hands-on-lab.html","level":1,"parentId":"fun2ea_8","tabIndex":3},"troubleshooting-guide":{"id":"troubleshooting-guide","title":"Guia de Troubleshooting: Debugando na Matrix 🔍","url":"troubleshooting-guide.html","level":1,"parentId":"fun2ea_8","tabIndex":4}}},"topLevelIds":["welcome","fun2ea_3","fun2ea_4","fun2ea_5","fun2ea_6","fun2ea_7","fun2ea_8"]}