{"entities":{"pages":{"welcome":{"id":"welcome","title":"Bem-vindo ao Learn Docker! 🐳","url":"welcome.html","level":0,"tabIndex":0},"z3yfk50_3":{"id":"z3yfk50_3","title":"FUNDAMENTALS: Docker Essentials","level":0,"pages":["z3yfk50_10","z3yfk50_11","z3yfk50_12"],"tabIndex":1},"z3yfk50_10":{"id":"z3yfk50_10","title":"Getting Started","level":1,"parentId":"z3yfk50_3","pages":["why-docker","container-vs-vm","docker-history"],"tabIndex":0},"why-docker":{"id":"why-docker","title":"Por que Docker","url":"why-docker.html","level":2,"parentId":"z3yfk50_10","tabIndex":0},"container-vs-vm":{"id":"container-vs-vm","title":"Containers vs Máquinas Virtuais","url":"container-vs-vm.html","level":2,"parentId":"z3yfk50_10","tabIndex":1},"docker-history":{"id":"docker-history","title":"História do Docker","url":"docker-history.html","level":2,"parentId":"z3yfk50_10","tabIndex":2},"z3yfk50_11":{"id":"z3yfk50_11","title":"Installation","level":1,"parentId":"z3yfk50_3","pages":["installation-guide","docker-desktop-cli","common-issues"],"tabIndex":1},"installation-guide":{"id":"installation-guide","title":"Instalação do Docker 🛠️","url":"installation-guide.html","level":2,"parentId":"z3yfk50_11","tabIndex":0},"docker-desktop-cli":{"id":"docker-desktop-cli","title":"Docker Desktop vs CLI: Escolha sua Arma 🔫","url":"docker-desktop-cli.html","level":2,"parentId":"z3yfk50_11","tabIndex":1},"common-issues":{"id":"common-issues","title":"Problemas Comuns: Debugando na Matrix 🐛","url":"common-issues.html","level":2,"parentId":"z3yfk50_11","tabIndex":2},"z3yfk50_12":{"id":"z3yfk50_12","title":"Basic Commands","level":1,"parentId":"z3yfk50_3","pages":["docker-commands","cli-basics"],"tabIndex":2},"docker-commands":{"id":"docker-commands","title":"Docker Commands: O Arsenal Completo 🚀","url":"docker-commands.html","level":2,"parentId":"z3yfk50_12","tabIndex":0},"cli-basics":{"id":"cli-basics","title":"CLI Basics: Dominando o Terminal Docker 🎮","url":"cli-basics.html","level":2,"parentId":"z3yfk50_12","tabIndex":1},"z3yfk50_4":{"id":"z3yfk50_4","title":"CORE: Docker Building Blocks","level":0,"pages":["z3yfk50_21","z3yfk50_22","z3yfk50_23"],"tabIndex":2},"z3yfk50_21":{"id":"z3yfk50_21","title":"Container Basics","level":1,"parentId":"z3yfk50_4","pages":["containers-101","container-lifecycle","container-internals"],"tabIndex":0},"containers-101":{"id":"containers-101","title":"Containers 101","url":"containers-101.html","level":2,"parentId":"z3yfk50_21","tabIndex":0},"container-lifecycle":{"id":"container-lifecycle","title":"Ciclo de Vida dos Containers: Do Nascimento à Transcendência 🔄","url":"container-lifecycle.html","level":2,"parentId":"z3yfk50_21","tabIndex":1},"container-internals":{"id":"container-internals","title":"Container Internals: Como Funciona Por Dentro 🔬","url":"container-internals.html","level":2,"parentId":"z3yfk50_21","tabIndex":2},"z3yfk50_22":{"id":"z3yfk50_22","title":"Images","level":1,"parentId":"z3yfk50_4","pages":["docker-images","image-fundamentals","image-anatomy","image-management"],"tabIndex":1},"docker-images":{"id":"docker-images","title":"Docker Images: Blueprint do Seu Container 🎨","url":"docker-images.html","level":2,"parentId":"z3yfk50_22","tabIndex":0},"image-fundamentals":{"id":"image-fundamentals","title":"Fundamentos de Imagens Docker 📦","url":"image-fundamentals.html","level":2,"parentId":"z3yfk50_22","tabIndex":1},"image-anatomy":{"id":"image-anatomy","title":"Anatomia de uma Imagem Docker 🔬","url":"image-anatomy.html","level":2,"parentId":"z3yfk50_22","tabIndex":2},"image-management":{"id":"image-management","title":"Gerenciamento de Imagens Docker 🎮","url":"image-management.html","level":2,"parentId":"z3yfk50_22","tabIndex":3},"z3yfk50_23":{"id":"z3yfk50_23","title":"Architecture","level":1,"parentId":"z3yfk50_4","pages":["docker-architecture","container-runtime"],"tabIndex":2},"docker-architecture":{"id":"docker-architecture","title":"Arquitetura Docker: O Blueprint da Matrix 🏗️","url":"docker-architecture.html","level":2,"parentId":"z3yfk50_23","tabIndex":0},"container-runtime":{"id":"container-runtime","title":"Container Runtime: O Motor dos Containers 🚀","url":"container-runtime.html","level":2,"parentId":"z3yfk50_23","tabIndex":1},"z3yfk50_5":{"id":"z3yfk50_5","title":"DEVELOPMENT: Building Applications","level":0,"pages":["z3yfk50_33","z3yfk50_34","z3yfk50_35"],"tabIndex":3},"z3yfk50_33":{"id":"z3yfk50_33","title":"Dockerfile","level":1,"parentId":"z3yfk50_5","pages":["dockerfile-intro","dockerfile-commands","dockerfile-examples","best-practices"],"tabIndex":0},"dockerfile-intro":{"id":"dockerfile-intro","title":"Dockerfile: A Arte de Construir Imagens 🎨","url":"dockerfile-intro.html","level":2,"parentId":"z3yfk50_33","tabIndex":0},"dockerfile-commands":{"id":"dockerfile-commands","title":"Dockerfile Commands: Guia Definitivo 🛠️","url":"dockerfile-commands.html","level":2,"parentId":"z3yfk50_33","tabIndex":1},"dockerfile-examples":{"id":"dockerfile-examples","level":2,"parentId":"z3yfk50_33","tabIndex":2},"best-practices":{"id":"best-practices","title":"Melhores Práticas Docker: O Caminho do Mestre 🎯","url":"best-practices.html","level":2,"parentId":"z3yfk50_33","tabIndex":3},"z3yfk50_34":{"id":"z3yfk50_34","title":"Docker Compose","level":1,"parentId":"z3yfk50_5","pages":["docker-compose-intro","docker-compose-file","docker-compose-commands"],"tabIndex":1},"docker-compose-intro":{"id":"docker-compose-intro","level":2,"parentId":"z3yfk50_34","tabIndex":0},"docker-compose-file":{"id":"docker-compose-file","level":2,"parentId":"z3yfk50_34","tabIndex":1},"docker-compose-commands":{"id":"docker-compose-commands","level":2,"parentId":"z3yfk50_34","tabIndex":2},"z3yfk50_35":{"id":"z3yfk50_35","title":"Container Operations","level":1,"parentId":"z3yfk50_5","pages":["container-operations","container-logging","container-troubleshooting"],"tabIndex":2},"container-operations":{"id":"container-operations","title":"Operações com Containers: O Manual do Operador 🎮","url":"container-operations.html","level":2,"parentId":"z3yfk50_35","tabIndex":0},"container-logging":{"id":"container-logging","level":2,"parentId":"z3yfk50_35","tabIndex":1},"container-troubleshooting":{"id":"container-troubleshooting","level":2,"parentId":"z3yfk50_35","tabIndex":2},"z3yfk50_6":{"id":"z3yfk50_6","title":"INFRASTRUCTURE: System Design","level":0,"pages":["z3yfk50_46","z3yfk50_47","z3yfk50_48"],"tabIndex":4},"z3yfk50_46":{"id":"z3yfk50_46","title":"Networking","level":1,"parentId":"z3yfk50_6","pages":["container-networking","docker-networking"],"tabIndex":0},"container-networking":{"id":"container-networking","title":"Container Networking","url":"container-networking.html","level":2,"parentId":"z3yfk50_46","tabIndex":0},"docker-networking":{"id":"docker-networking","level":2,"parentId":"z3yfk50_46","tabIndex":1},"z3yfk50_47":{"id":"z3yfk50_47","title":"Storage","level":1,"parentId":"z3yfk50_6","pages":["container-storage","docker-volumes","docker-bind-mounts"],"tabIndex":1},"container-storage":{"id":"container-storage","title":"Container Storage: Crônicas dos Dados Perdidos 💾","url":"container-storage.html","level":2,"parentId":"z3yfk50_47","tabIndex":0},"docker-volumes":{"id":"docker-volumes","level":2,"parentId":"z3yfk50_47","tabIndex":1},"docker-bind-mounts":{"id":"docker-bind-mounts","level":2,"parentId":"z3yfk50_47","tabIndex":2},"z3yfk50_48":{"id":"z3yfk50_48","title":"Security","level":1,"parentId":"z3yfk50_6","pages":["container-security","docker-security","docker-registry"],"tabIndex":2},"container-security":{"id":"container-security","title":"Segurança de Containers 🛡️","url":"container-security.html","level":2,"parentId":"z3yfk50_48","tabIndex":0},"docker-security":{"id":"docker-security","level":2,"parentId":"z3yfk50_48","tabIndex":1},"docker-registry":{"id":"docker-registry","level":2,"parentId":"z3yfk50_48","tabIndex":2},"z3yfk50_7":{"id":"z3yfk50_7","title":"ADVANCED: Production Ready","level":0,"pages":["z3yfk50_57","z3yfk50_58","z3yfk50_59"],"tabIndex":5},"z3yfk50_57":{"id":"z3yfk50_57","title":"Performance","level":1,"parentId":"z3yfk50_7","pages":["docker-performance","docker-optimization","docker-caching","docker-multi-stage-builds"],"tabIndex":0},"docker-performance":{"id":"docker-performance","level":2,"parentId":"z3yfk50_57","tabIndex":0},"docker-optimization":{"id":"docker-optimization","level":2,"parentId":"z3yfk50_57","tabIndex":1},"docker-caching":{"id":"docker-caching","level":2,"parentId":"z3yfk50_57","tabIndex":2},"docker-multi-stage-builds":{"id":"docker-multi-stage-builds","level":2,"parentId":"z3yfk50_57","tabIndex":3},"z3yfk50_58":{"id":"z3yfk50_58","title":"Monitoring","level":1,"parentId":"z3yfk50_7","pages":["container-monitoring","container-resources"],"tabIndex":1},"container-monitoring":{"id":"container-monitoring","title":"Container Monitoring: Os Olhos do Sistema 👁️","url":"container-monitoring.html","level":2,"parentId":"z3yfk50_58","tabIndex":0},"container-resources":{"id":"container-resources","level":2,"parentId":"z3yfk50_58","tabIndex":1},"z3yfk50_59":{"id":"z3yfk50_59","title":"Orchestration","level":1,"parentId":"z3yfk50_7","pages":["container-orchestration","container-best-practices"],"tabIndex":2},"container-orchestration":{"id":"container-orchestration","title":"Orquestração de Containers: A Sinfonia do Caos Digital","url":"container-orchestration.html","level":2,"parentId":"z3yfk50_59","tabIndex":0},"container-best-practices":{"id":"container-best-practices","level":2,"parentId":"z3yfk50_59","tabIndex":1},"z3yfk50_8":{"id":"z3yfk50_8","title":"PRACTICE: Real World","level":0,"pages":["z3yfk50_68","z3yfk50_69","z3yfk50_70","hands-on-lab","troubleshooting-guide"],"tabIndex":6},"z3yfk50_68":{"id":"z3yfk50_68","title":"Lab 1: Basics","level":1,"parentId":"z3yfk50_8","pages":["lab-1-intro","lab-1-setup","lab-1-exercise"],"tabIndex":0},"lab-1-intro":{"id":"lab-1-intro","level":2,"parentId":"z3yfk50_68","tabIndex":0},"lab-1-setup":{"id":"lab-1-setup","level":2,"parentId":"z3yfk50_68","tabIndex":1},"lab-1-exercise":{"id":"lab-1-exercise","level":2,"parentId":"z3yfk50_68","tabIndex":2},"z3yfk50_69":{"id":"z3yfk50_69","title":"Lab 2: Development","level":1,"parentId":"z3yfk50_8","pages":["lab-2-intro","lab-2-setup","lab-2-exercise"],"tabIndex":1},"lab-2-intro":{"id":"lab-2-intro","level":2,"parentId":"z3yfk50_69","tabIndex":0},"lab-2-setup":{"id":"lab-2-setup","level":2,"parentId":"z3yfk50_69","tabIndex":1},"lab-2-exercise":{"id":"lab-2-exercise","level":2,"parentId":"z3yfk50_69","tabIndex":2},"z3yfk50_70":{"id":"z3yfk50_70","title":"Lab 3: Production","level":1,"parentId":"z3yfk50_8","pages":["lab-3-intro","lab-3-setup","lab-3-exercise"],"tabIndex":2},"lab-3-intro":{"id":"lab-3-intro","level":2,"parentId":"z3yfk50_70","tabIndex":0},"lab-3-setup":{"id":"lab-3-setup","level":2,"parentId":"z3yfk50_70","tabIndex":1},"lab-3-exercise":{"id":"lab-3-exercise","level":2,"parentId":"z3yfk50_70","tabIndex":2},"hands-on-lab":{"id":"hands-on-lab","title":"Laboratório Prático: Mão na Massa! 🧪","url":"hands-on-lab.html","level":1,"parentId":"z3yfk50_8","tabIndex":3},"troubleshooting-guide":{"id":"troubleshooting-guide","title":"Guia de Troubleshooting: Debugando na Matrix 🔍","url":"troubleshooting-guide.html","level":1,"parentId":"z3yfk50_8","tabIndex":4},"z3yfk50_9":{"id":"z3yfk50_9","title":"CERTIFICATION: DCA","level":0,"pages":["z3yfk50_82"],"tabIndex":7},"z3yfk50_82":{"id":"z3yfk50_82","title":"Exam Preparation","level":1,"parentId":"z3yfk50_9","pages":["docker-certified-overview","docker-certified-preparation","docker-certified-topics"],"tabIndex":0},"docker-certified-overview":{"id":"docker-certified-overview","level":2,"parentId":"z3yfk50_82","tabIndex":0},"docker-certified-preparation":{"id":"docker-certified-preparation","level":2,"parentId":"z3yfk50_82","tabIndex":1},"docker-certified-topics":{"id":"docker-certified-topics","level":2,"parentId":"z3yfk50_82","tabIndex":2}}},"topLevelIds":["welcome","z3yfk50_3","z3yfk50_4","z3yfk50_5","z3yfk50_6","z3yfk50_7","z3yfk50_8","z3yfk50_9"]}