{"entities":{"pages":{"welcome":{"id":"welcome","title":"Bem-vindo ao Learn Docker! 🐳","url":"welcome.html","level":0,"tabIndex":0},"z3yfk50_3":{"id":"z3yfk50_3","title":"INIT: Container Matrix","level":0,"pages":["z3yfk50_8","z3yfk50_9","z3yfk50_10"],"tabIndex":1},"z3yfk50_8":{"id":"z3yfk50_8","title":"Phase 1: Docker Reality Check","level":1,"parentId":"z3yfk50_3","pages":["why-docker","container-vs-vm","docker-history"],"tabIndex":0},"why-docker":{"id":"why-docker","title":"Por que Docker? 🤔","url":"why-docker.html","level":2,"parentId":"z3yfk50_8","tabIndex":0},"container-vs-vm":{"id":"container-vs-vm","title":"Containers vs VMs: A Batalha Final 🥊","url":"container-vs-vm.html","level":2,"parentId":"z3yfk50_8","tabIndex":1},"docker-history":{"id":"docker-history","title":"A História do Docker: Do Container ao Cosmos 🚀","url":"docker-history.html","level":2,"parentId":"z3yfk50_8","tabIndex":2},"z3yfk50_9":{"id":"z3yfk50_9","title":"Phase 2: Setup \u0026 Installation","level":1,"parentId":"z3yfk50_3","pages":["installation-guide","docker-desktop-cli","common-issues"],"tabIndex":1},"installation-guide":{"id":"installation-guide","title":"Instalação do Docker 🛠️","url":"installation-guide.html","level":2,"parentId":"z3yfk50_9","tabIndex":0},"docker-desktop-cli":{"id":"docker-desktop-cli","level":2,"parentId":"z3yfk50_9","tabIndex":1},"common-issues":{"id":"common-issues","level":2,"parentId":"z3yfk50_9","tabIndex":2},"z3yfk50_10":{"id":"z3yfk50_10","title":"Phase 3: Core Concepts","level":1,"parentId":"z3yfk50_3","pages":["containers-101","images-containers","docker-architecture","container-lifecycle","cli-basics"],"tabIndex":2},"containers-101":{"id":"containers-101","level":2,"parentId":"z3yfk50_10","tabIndex":0},"images-containers":{"id":"images-containers","level":2,"parentId":"z3yfk50_10","tabIndex":1},"docker-architecture":{"id":"docker-architecture","level":2,"parentId":"z3yfk50_10","tabIndex":2},"container-lifecycle":{"id":"container-lifecycle","level":2,"parentId":"z3yfk50_10","tabIndex":3},"cli-basics":{"id":"cli-basics","level":2,"parentId":"z3yfk50_10","tabIndex":4},"z3yfk50_4":{"id":"z3yfk50_4","title":"BASICS: Docker Fundamentals","level":0,"pages":["z3yfk50_22","z3yfk50_23","z3yfk50_24"],"tabIndex":2},"z3yfk50_22":{"id":"z3yfk50_22","title":"Phase 1: Docker Basics","level":1,"parentId":"z3yfk50_4","pages":["docker-commands","docker-images","docker-containers"],"tabIndex":0},"docker-commands":{"id":"docker-commands","level":2,"parentId":"z3yfk50_22","tabIndex":0},"docker-images":{"id":"docker-images","level":2,"parentId":"z3yfk50_22","tabIndex":1},"docker-containers":{"id":"docker-containers","level":2,"parentId":"z3yfk50_22","tabIndex":2},"z3yfk50_23":{"id":"z3yfk50_23","title":"Phase 2: Dockerfile Basics","level":1,"parentId":"z3yfk50_4","pages":["dockerfile-intro","dockerfile-commands","dockerfile-examples"],"tabIndex":1},"dockerfile-intro":{"id":"dockerfile-intro","level":2,"parentId":"z3yfk50_23","tabIndex":0},"dockerfile-commands":{"id":"dockerfile-commands","level":2,"parentId":"z3yfk50_23","tabIndex":1},"dockerfile-examples":{"id":"dockerfile-examples","level":2,"parentId":"z3yfk50_23","tabIndex":2},"z3yfk50_24":{"id":"z3yfk50_24","title":"Phase 3: Docker Compose Basics","level":1,"parentId":"z3yfk50_4","pages":["docker-compose-intro","docker-compose-file","docker-compose-commands"],"tabIndex":2},"docker-compose-intro":{"id":"docker-compose-intro","level":2,"parentId":"z3yfk50_24","tabIndex":0},"docker-compose-file":{"id":"docker-compose-file","level":2,"parentId":"z3yfk50_24","tabIndex":1},"docker-compose-commands":{"id":"docker-compose-commands","level":2,"parentId":"z3yfk50_24","tabIndex":2},"z3yfk50_5":{"id":"z3yfk50_5","title":"ADVANCED: Docker Deep Dive","level":0,"pages":["z3yfk50_34","z3yfk50_35","z3yfk50_36"],"tabIndex":3},"z3yfk50_34":{"id":"z3yfk50_34","title":"Phase 1: Networking \u0026 Security","level":1,"parentId":"z3yfk50_5","pages":["docker-networking","docker-security","docker-registry"],"tabIndex":0},"docker-networking":{"id":"docker-networking","level":2,"parentId":"z3yfk50_34","tabIndex":0},"docker-security":{"id":"docker-security","level":2,"parentId":"z3yfk50_34","tabIndex":1},"docker-registry":{"id":"docker-registry","level":2,"parentId":"z3yfk50_34","tabIndex":2},"z3yfk50_35":{"id":"z3yfk50_35","title":"Phase 2: Performance \u0026 Optimization","level":1,"parentId":"z3yfk50_5","pages":["docker-performance","docker-optimization","docker-caching"],"tabIndex":1},"docker-performance":{"id":"docker-performance","level":2,"parentId":"z3yfk50_35","tabIndex":0},"docker-optimization":{"id":"docker-optimization","level":2,"parentId":"z3yfk50_35","tabIndex":1},"docker-caching":{"id":"docker-caching","level":2,"parentId":"z3yfk50_35","tabIndex":2},"z3yfk50_36":{"id":"z3yfk50_36","title":"Phase 3: Advanced Concepts","level":1,"parentId":"z3yfk50_5","pages":["docker-volumes","docker-bind-mounts","docker-multi-stage-builds"],"tabIndex":2},"docker-volumes":{"id":"docker-volumes","level":2,"parentId":"z3yfk50_36","tabIndex":0},"docker-bind-mounts":{"id":"docker-bind-mounts","level":2,"parentId":"z3yfk50_36","tabIndex":1},"docker-multi-stage-builds":{"id":"docker-multi-stage-builds","level":2,"parentId":"z3yfk50_36","tabIndex":2},"z3yfk50_6":{"id":"z3yfk50_6","title":"PRACTICE: Hands-on Labs","level":0,"pages":["z3yfk50_46","z3yfk50_47","z3yfk50_48"],"tabIndex":4},"z3yfk50_46":{"id":"z3yfk50_46","title":"Lab 1: Docker Basics","level":1,"parentId":"z3yfk50_6","pages":["lab-1-intro","lab-1-setup","lab-1-exercise"],"tabIndex":0},"lab-1-intro":{"id":"lab-1-intro","level":2,"parentId":"z3yfk50_46","tabIndex":0},"lab-1-setup":{"id":"lab-1-setup","level":2,"parentId":"z3yfk50_46","tabIndex":1},"lab-1-exercise":{"id":"lab-1-exercise","level":2,"parentId":"z3yfk50_46","tabIndex":2},"z3yfk50_47":{"id":"z3yfk50_47","title":"Lab 2: Dockerfile \u0026 Compose","level":1,"parentId":"z3yfk50_6","pages":["lab-2-intro","lab-2-setup","lab-2-exercise"],"tabIndex":1},"lab-2-intro":{"id":"lab-2-intro","level":2,"parentId":"z3yfk50_47","tabIndex":0},"lab-2-setup":{"id":"lab-2-setup","level":2,"parentId":"z3yfk50_47","tabIndex":1},"lab-2-exercise":{"id":"lab-2-exercise","level":2,"parentId":"z3yfk50_47","tabIndex":2},"z3yfk50_48":{"id":"z3yfk50_48","title":"Lab 3: Networking \u0026 Security","level":1,"parentId":"z3yfk50_6","pages":["lab-3-intro","lab-3-setup","lab-3-exercise"],"tabIndex":2},"lab-3-intro":{"id":"lab-3-intro","level":2,"parentId":"z3yfk50_48","tabIndex":0},"lab-3-setup":{"id":"lab-3-setup","level":2,"parentId":"z3yfk50_48","tabIndex":1},"lab-3-exercise":{"id":"lab-3-exercise","level":2,"parentId":"z3yfk50_48","tabIndex":2},"z3yfk50_7":{"id":"z3yfk50_7","title":"CERTIFICATION: Docker Certified Associate","level":0,"pages":["z3yfk50_58","z3yfk50_59","z3yfk50_60"],"tabIndex":5},"z3yfk50_58":{"id":"z3yfk50_58","title":"Exam Overview","level":1,"parentId":"z3yfk50_7","pages":["docker-certified-overview"],"tabIndex":0},"docker-certified-overview":{"id":"docker-certified-overview","level":2,"parentId":"z3yfk50_58","tabIndex":0},"z3yfk50_59":{"id":"z3yfk50_59","title":"Exam Preparation","level":1,"parentId":"z3yfk50_7","pages":["docker-certified-preparation"],"tabIndex":1},"docker-certified-preparation":{"id":"docker-certified-preparation","level":2,"parentId":"z3yfk50_59","tabIndex":0},"z3yfk50_60":{"id":"z3yfk50_60","title":"Exam Topics","level":1,"parentId":"z3yfk50_7","pages":["docker-certified-topics"],"tabIndex":2},"docker-certified-topics":{"id":"docker-certified-topics","level":2,"parentId":"z3yfk50_60","tabIndex":0}}},"topLevelIds":["welcome","z3yfk50_3","z3yfk50_4","z3yfk50_5","z3yfk50_6","z3yfk50_7"]}