{"entities":{"pages":{"welcome":{"id":"welcome","title":"Bem-vindo ao Learn Docker! 🐳","url":"welcome.html","level":0,"tabIndex":0},"z3yfk50_3":{"id":"z3yfk50_3","title":"INIT: Container Matrix","level":0,"pages":["z3yfk50_8","z3yfk50_9","z3yfk50_10"],"tabIndex":1},"z3yfk50_8":{"id":"z3yfk50_8","title":"Phase 1: Docker Reality Check","level":1,"parentId":"z3yfk50_3","pages":["why-docker","container-vs-vm","docker-history"],"tabIndex":0},"why-docker":{"id":"why-docker","title":"Por que Docker","url":"why-docker.html","level":2,"parentId":"z3yfk50_8","tabIndex":0},"container-vs-vm":{"id":"container-vs-vm","title":"Containers vs Máquinas Virtuais","url":"container-vs-vm.html","level":2,"parentId":"z3yfk50_8","tabIndex":1},"docker-history":{"id":"docker-history","title":"História do Docker","url":"docker-history.html","level":2,"parentId":"z3yfk50_8","tabIndex":2},"z3yfk50_9":{"id":"z3yfk50_9","title":"Phase 2: Setup \u0026 Installation","level":1,"parentId":"z3yfk50_3","pages":["installation-guide","docker-desktop-cli","common-issues"],"tabIndex":1},"installation-guide":{"id":"installation-guide","title":"Instalação do Docker 🛠️","url":"installation-guide.html","level":2,"parentId":"z3yfk50_9","tabIndex":0},"docker-desktop-cli":{"id":"docker-desktop-cli","title":"Docker Desktop vs CLI: Escolha sua Arma 🔫","url":"docker-desktop-cli.html","level":2,"parentId":"z3yfk50_9","tabIndex":1},"common-issues":{"id":"common-issues","title":"Problemas Comuns: Debugando na Matrix 🐛","url":"common-issues.html","level":2,"parentId":"z3yfk50_9","tabIndex":2},"z3yfk50_10":{"id":"z3yfk50_10","title":"Phase 3: Core Concepts","level":1,"parentId":"z3yfk50_3","pages":["containers-101","images-containers","docker-architecture","container-lifecycle","cli-basics"],"tabIndex":2},"containers-101":{"id":"containers-101","title":"Containers 101","url":"containers-101.html","level":2,"parentId":"z3yfk50_10","pages":["container-internals","container-runtime","container-networking","container-storage","container-security","container-orchestration","container-monitoring"],"tabIndex":0},"container-internals":{"id":"container-internals","title":"Container Internals: Como Funciona Por Dentro 🔬","url":"container-internals.html","level":3,"parentId":"containers-101","tabIndex":0},"container-runtime":{"id":"container-runtime","title":"Container Runtime: O Motor dos Containers 🚀","url":"container-runtime.html","level":3,"parentId":"containers-101","tabIndex":1},"container-networking":{"id":"container-networking","title":"Container Networking","url":"container-networking.html","level":3,"parentId":"containers-101","tabIndex":2},"container-storage":{"id":"container-storage","title":"Container Storage: Crônicas dos Dados Perdidos 💾","url":"container-storage.html","level":3,"parentId":"containers-101","tabIndex":3},"container-security":{"id":"container-security","title":"Segurança de Containers 🛡️","url":"container-security.html","level":3,"parentId":"containers-101","tabIndex":4},"container-orchestration":{"id":"container-orchestration","title":"Orquestração de Containers: A Sinfonia do Caos Digital","url":"container-orchestration.html","level":3,"parentId":"containers-101","tabIndex":5},"container-monitoring":{"id":"container-monitoring","title":"Container Monitoring: Os Olhos do Sistema 👁️","url":"container-monitoring.html","level":3,"parentId":"containers-101","tabIndex":6},"images-containers":{"id":"images-containers","title":"Images vs Containers: O Dual Boot do Futuro 🌌","url":"images-containers.html","level":2,"parentId":"z3yfk50_10","pages":["image-fundamentals","image-anatomy","image-management","container-operations","best-practices","hands-on-lab","troubleshooting-guide"],"tabIndex":1},"image-fundamentals":{"id":"image-fundamentals","title":"Fundamentos de Imagens Docker 📦","url":"image-fundamentals.html","level":3,"parentId":"images-containers","tabIndex":0},"image-anatomy":{"id":"image-anatomy","title":"Anatomia de uma Imagem Docker 🔬","url":"image-anatomy.html","level":3,"parentId":"images-containers","tabIndex":1},"image-management":{"id":"image-management","title":"Gerenciamento de Imagens Docker 🎮","url":"image-management.html","level":3,"parentId":"images-containers","tabIndex":2},"container-operations":{"id":"container-operations","level":3,"parentId":"images-containers","tabIndex":3},"best-practices":{"id":"best-practices","level":3,"parentId":"images-containers","tabIndex":4},"hands-on-lab":{"id":"hands-on-lab","level":3,"parentId":"images-containers","tabIndex":5},"troubleshooting-guide":{"id":"troubleshooting-guide","level":3,"parentId":"images-containers","tabIndex":6},"docker-architecture":{"id":"docker-architecture","level":2,"parentId":"z3yfk50_10","tabIndex":2},"container-lifecycle":{"id":"container-lifecycle","level":2,"parentId":"z3yfk50_10","tabIndex":3},"cli-basics":{"id":"cli-basics","level":2,"parentId":"z3yfk50_10","tabIndex":4},"z3yfk50_4":{"id":"z3yfk50_4","title":"BASICS: Docker Fundamentals","level":0,"pages":["z3yfk50_36","z3yfk50_37","z3yfk50_38"],"tabIndex":2},"z3yfk50_36":{"id":"z3yfk50_36","title":"Phase 1: Docker Basics","level":1,"parentId":"z3yfk50_4","pages":["docker-commands","docker-images","docker-containers"],"tabIndex":0},"docker-commands":{"id":"docker-commands","level":2,"parentId":"z3yfk50_36","tabIndex":0},"docker-images":{"id":"docker-images","level":2,"parentId":"z3yfk50_36","tabIndex":1},"docker-containers":{"id":"docker-containers","level":2,"parentId":"z3yfk50_36","tabIndex":2},"z3yfk50_37":{"id":"z3yfk50_37","title":"Phase 2: Dockerfile Basics","level":1,"parentId":"z3yfk50_4","pages":["dockerfile-intro","dockerfile-commands","dockerfile-examples"],"tabIndex":1},"dockerfile-intro":{"id":"dockerfile-intro","level":2,"parentId":"z3yfk50_37","tabIndex":0},"dockerfile-commands":{"id":"dockerfile-commands","level":2,"parentId":"z3yfk50_37","tabIndex":1},"dockerfile-examples":{"id":"dockerfile-examples","level":2,"parentId":"z3yfk50_37","tabIndex":2},"z3yfk50_38":{"id":"z3yfk50_38","title":"Phase 3: Docker Compose Basics","level":1,"parentId":"z3yfk50_4","pages":["docker-compose-intro","docker-compose-file","docker-compose-commands"],"tabIndex":2},"docker-compose-intro":{"id":"docker-compose-intro","level":2,"parentId":"z3yfk50_38","tabIndex":0},"docker-compose-file":{"id":"docker-compose-file","level":2,"parentId":"z3yfk50_38","tabIndex":1},"docker-compose-commands":{"id":"docker-compose-commands","level":2,"parentId":"z3yfk50_38","tabIndex":2},"z3yfk50_5":{"id":"z3yfk50_5","title":"ADVANCED: Docker Deep Dive","level":0,"pages":["z3yfk50_48","z3yfk50_49","z3yfk50_50"],"tabIndex":3},"z3yfk50_48":{"id":"z3yfk50_48","title":"Phase 1: Networking \u0026 Security","level":1,"parentId":"z3yfk50_5","pages":["docker-networking","docker-security","docker-registry"],"tabIndex":0},"docker-networking":{"id":"docker-networking","level":2,"parentId":"z3yfk50_48","tabIndex":0},"docker-security":{"id":"docker-security","level":2,"parentId":"z3yfk50_48","tabIndex":1},"docker-registry":{"id":"docker-registry","level":2,"parentId":"z3yfk50_48","tabIndex":2},"z3yfk50_49":{"id":"z3yfk50_49","title":"Phase 2: Performance \u0026 Optimization","level":1,"parentId":"z3yfk50_5","pages":["docker-performance","docker-optimization","docker-caching"],"tabIndex":1},"docker-performance":{"id":"docker-performance","level":2,"parentId":"z3yfk50_49","tabIndex":0},"docker-optimization":{"id":"docker-optimization","level":2,"parentId":"z3yfk50_49","tabIndex":1},"docker-caching":{"id":"docker-caching","level":2,"parentId":"z3yfk50_49","tabIndex":2},"z3yfk50_50":{"id":"z3yfk50_50","title":"Phase 3: Advanced Concepts","level":1,"parentId":"z3yfk50_5","pages":["docker-volumes","docker-bind-mounts","docker-multi-stage-builds"],"tabIndex":2},"docker-volumes":{"id":"docker-volumes","level":2,"parentId":"z3yfk50_50","tabIndex":0},"docker-bind-mounts":{"id":"docker-bind-mounts","level":2,"parentId":"z3yfk50_50","tabIndex":1},"docker-multi-stage-builds":{"id":"docker-multi-stage-builds","level":2,"parentId":"z3yfk50_50","tabIndex":2},"z3yfk50_6":{"id":"z3yfk50_6","title":"PRACTICE: Hands-on Labs","level":0,"pages":["z3yfk50_60","z3yfk50_61","z3yfk50_62"],"tabIndex":4},"z3yfk50_60":{"id":"z3yfk50_60","title":"Lab 1: Docker Basics","level":1,"parentId":"z3yfk50_6","pages":["lab-1-intro","lab-1-setup","lab-1-exercise"],"tabIndex":0},"lab-1-intro":{"id":"lab-1-intro","level":2,"parentId":"z3yfk50_60","tabIndex":0},"lab-1-setup":{"id":"lab-1-setup","level":2,"parentId":"z3yfk50_60","tabIndex":1},"lab-1-exercise":{"id":"lab-1-exercise","level":2,"parentId":"z3yfk50_60","tabIndex":2},"z3yfk50_61":{"id":"z3yfk50_61","title":"Lab 2: Dockerfile \u0026 Compose","level":1,"parentId":"z3yfk50_6","pages":["lab-2-intro","lab-2-setup","lab-2-exercise"],"tabIndex":1},"lab-2-intro":{"id":"lab-2-intro","level":2,"parentId":"z3yfk50_61","tabIndex":0},"lab-2-setup":{"id":"lab-2-setup","level":2,"parentId":"z3yfk50_61","tabIndex":1},"lab-2-exercise":{"id":"lab-2-exercise","level":2,"parentId":"z3yfk50_61","tabIndex":2},"z3yfk50_62":{"id":"z3yfk50_62","title":"Lab 3: Networking \u0026 Security","level":1,"parentId":"z3yfk50_6","pages":["lab-3-intro","lab-3-setup","lab-3-exercise"],"tabIndex":2},"lab-3-intro":{"id":"lab-3-intro","level":2,"parentId":"z3yfk50_62","tabIndex":0},"lab-3-setup":{"id":"lab-3-setup","level":2,"parentId":"z3yfk50_62","tabIndex":1},"lab-3-exercise":{"id":"lab-3-exercise","level":2,"parentId":"z3yfk50_62","tabIndex":2},"z3yfk50_7":{"id":"z3yfk50_7","title":"CERTIFICATION: Docker Certified Associate","level":0,"pages":["z3yfk50_72","z3yfk50_73","z3yfk50_74"],"tabIndex":5},"z3yfk50_72":{"id":"z3yfk50_72","title":"Exam Overview","level":1,"parentId":"z3yfk50_7","pages":["docker-certified-overview"],"tabIndex":0},"docker-certified-overview":{"id":"docker-certified-overview","level":2,"parentId":"z3yfk50_72","tabIndex":0},"z3yfk50_73":{"id":"z3yfk50_73","title":"Exam Preparation","level":1,"parentId":"z3yfk50_7","pages":["docker-certified-preparation"],"tabIndex":1},"docker-certified-preparation":{"id":"docker-certified-preparation","level":2,"parentId":"z3yfk50_73","tabIndex":0},"z3yfk50_74":{"id":"z3yfk50_74","title":"Exam Topics","level":1,"parentId":"z3yfk50_7","pages":["docker-certified-topics"],"tabIndex":2},"docker-certified-topics":{"id":"docker-certified-topics","level":2,"parentId":"z3yfk50_74","tabIndex":0}}},"topLevelIds":["welcome","z3yfk50_3","z3yfk50_4","z3yfk50_5","z3yfk50_6","z3yfk50_7"]}